﻿Manchester City FC,35,89,29,2,4,89,22,67
Liverpool FC,35,88,27,7,1,79,20,59
TottenhamHotspur FC,35,70,23,1,11,65,35,30
Chelsea FC,35,67,20,7,8,59,38,21
Arsenal FC,35,66,20,6,9,69,46,23
ManchesterUnited FC,35,64,19,7,9,63,50,13
Wolverhampton Wanderers FC,35,51,14,9,12,44,43,1
Wathord FC,35,50,14,8,13,50,50,0
Everton FC,35,49,14,7,14,50,44,6
Leicester City FC,35,48,14,6,15,48,47,1
WesthamUnited FC,35,43,12,7,16,44,54,-10
CrystalPalace FC,35,42,12,6,17,43,48,-5
NewCastleUnited FC,35,41,11,8,16,35,44,-9
AFC Bournem outh ,35,41,12,5,18,49,62,-13
Burnley FC,35,40,11,7,17,44,62,-18
Southampton FC,35,37,9,10,16,41,58,-17
Brighton&Hove Albion FC,35,34,9,7,19,32,54,-22
Cardiff City FC,35,31,9,4,22,30,65,-35
Fulham FC,35,23,6,5,24,33,76,-43
Huddersfeild Town FC,35,14,3,5,27,20,69,-49
